sharpe,sortino,ann_return,ann_vol,max_drawdown,calmar,hit_rate,skew,kurtosis,turnover,avg_holding_period,rolling_sharpe_stability,model
0.8433550028741786,1.008297823860941,0.10973551935359649,0.1342093013768507,-0.24170509322543088,0.45400582126250666,0.5027598896044159,-0.7578927582087779,17.24329422040794,,,1.2971874118510829,WeightedVoting
0.8146121172168629,1.0569637073310452,0.0004486547684390274,0.0005508218704030869,-0.001090721850684373,0.41133747136924204,0.5032198712051518,0.43312866630743446,16.718103442991186,,,1.0750742859583244,OLS
0.8143075369683916,1.0564658240796254,0.00044758214702267374,0.0005497105155265354,-0.001088934255373819,0.41102770383322734,0.5032198712051518,0.4313419351491282,16.70735479815738,,,1.0752346219586855,Ridge
0.0,,0.0,0.0,0.0,0.0,0.0,0.0,0.0,,,0.0,Lasso
