,ml_light_random_forest_vote,stat_hurst_120,ts_drawdown_vol_gate_20,micro_lag_revert_1,ts_drawdown_vol_gate_60
ml_light_random_forest_vote,1.0,-0.18099418127714578,0.10030765573255009,0.056012525610824475,0.2087107051728929
stat_hurst_120,-0.18099418127714578,1.0,-0.4777084639611746,-0.01021201254519965,0.025283160967134777
ts_drawdown_vol_gate_20,0.10030765573255009,-0.4777084639611746,1.0,-0.05113813407668861,0.04865116860726916
micro_lag_revert_1,0.056012525610824475,-0.01021201254519965,-0.05113813407668861,1.0,-0.07861377544057122
ts_drawdown_vol_gate_60,0.2087107051728929,0.025283160967134777,0.04865116860726916,-0.07861377544057122,1.0
