,ml_light_random_forest_vote,stat_hurst_120,regime_markov_switch_proxy,ml_linear_thr_40_0.00,ml_linear_score_40
ml_light_random_forest_vote,1.0,-0.18099418127714578,0.2668175027337688,-0.18586511554654603,-0.18586511554654603
stat_hurst_120,-0.18099418127714578,1.0,-0.18793863356174803,0.34914745582691487,0.34914745582691487
regime_markov_switch_proxy,0.2668175027337688,-0.18793863356174803,1.0,-0.050301685570822964,-0.050301685570822964
ml_linear_thr_40_0.00,-0.18586511554654603,0.34914745582691487,-0.050301685570822964,1.0,1.0
ml_linear_score_40,-0.18586511554654603,0.34914745582691487,-0.050301685570822964,1.0,1.0
