ensemble,sharpe,sortino,ann_return,ann_vol,max_drawdown,calmar,hit_rate,skew,kurtosis,turnover,avg_holding_period,rolling_sharpe_stability
inverse_vol,1.0800184180020918,1.2739960150135836,0.11314742005440515,0.10429564187993223,-0.12351358059570172,0.9160727064002434,0.4540018399264029,0.3667883357783566,12.621899267706672,,,1.48944867484862
rolling_sharpe,0.8381399497890653,0.93841710914324,0.11901309635423751,0.14712651739126326,-0.18009056089763842,0.6608513836614816,0.39144434222631097,-0.31256086611021655,11.644126896513205,,,1.5025659653287309
