noise_level,sharpe_mean,sharpe_p05,sharpe_p50,sharpe_p95
0.05,0.8569731502617743,0.5846654734445297,0.8698379282245796,1.1416282195072558
0.1,0.7469502925467606,0.401649666684828,0.7557923524604275,1.1280777702772962
0.2,0.5118154699913868,0.09923488947992302,0.48597834885965696,0.9981227436669807
