test,sharpe_mean,sharpe_p05,sharpe_p50,sharpe_p95
walkforward_bootstrap,0.3493619498653903,-0.26985955725901567,0.33060982255642424,0.9655277709899235
random_entry_baseline,0.01773984694462126,-0.5949973071913339,0.029787577551171916,0.594101148300835
