sharpe,sortino,ann_return,ann_vol,max_drawdown,calmar,hit_rate,skew,kurtosis,turnover,avg_holding_period,rolling_sharpe_stability,year
-0.8422178355150297,-0.6660046392501036,-0.1236892260625817,0.14430534789033786,-0.18570808401147587,-0.6660411511987397,0.18565400843881857,-1.379558043827821,7.39304421992305,,,0.6400222057835097,2017
0.878261359772802,0.9819021468314614,0.14304225806173831,0.16818573148863036,-0.15891750581718522,0.9001038452326988,0.2248062015503876,1.06992289147936,7.589261168970353,,,1.5079079471013164,2018
-0.6154480204983469,-0.44176743287715625,-0.0832715348591746,0.12784805567626256,-0.18582526314815817,-0.4481174058251392,0.14728682170542637,-2.1569568732125477,27.640583526031982,,,1.5192130301046274,2019
0.0719581996416219,0.04447959219282395,0.0017273981711918296,0.11348511997617201,-0.17843404404219398,0.009680877774499545,0.10038610038610038,-0.766188952342032,13.98070519443894,,,1.3630597888501779,2020
0.8728289775641025,0.8582526619235614,0.21655298917148613,0.26571257532790304,-0.2320954820038832,0.9330340569358,0.4247104247104247,-1.601010860957926,10.74894702686853,,,0.8889513651360065,2021
-0.4261138677082013,-0.2998787495459737,-0.12396535383457241,0.24233006433877394,-0.2744258988100412,-0.4517261467363547,0.12403100775193798,1.0137014720611328,27.443608623471146,,,0.5507658294608653,2022
0.9342973852357083,0.8643742532202787,0.18696798620182165,0.20628470330020332,-0.0968531557212442,1.9304274063925086,0.2054263565891473,-0.4429188780300314,4.364648087983766,,,0.743490034273274,2023
0.7472547432006158,0.5009424946766916,0.05176771802514102,0.07089782225131964,-0.02911776265727506,1.7778741667993165,0.1111111111111111,-1.5908074441167877,12.687236284637184,,,,2024
