sharpe,sortino,ann_return,ann_vol,max_drawdown,calmar,hit_rate,skew,kurtosis,turnover,avg_holding_period,rolling_sharpe_stability,lookback_m,rebalance_m,n_rebalances
0.3227152368604931,0.2715292571016022,0.04377583120062267,0.1878789819830203,-0.2880478108390985,0.15197418467770818,0.21794195250659631,-0.9181954988985706,12.87938794490252,,,1.4585473824891844,12,1,89
0.1139786042932174,0.10665693687063917,0.0010138864250011093,0.2193375697081232,-0.425867159088964,0.0023807574812006738,0.22697606961566352,0.40221673149879555,15.936515786794597,,,1.764110790196447,36,3,22
0.03129091692286386,0.026501954059728956,-0.009982359493283965,0.17608835515614943,-0.31877492794695017,-0.031314757272610516,0.1832620647525962,-0.3145644149229022,10.614294111057344,,,1.3344016181333387,24,3,26
-0.06219140026338825,-0.060205499004744686,-0.056182794724923046,0.2842563151746478,-0.5987229779840166,-0.09383771258287844,0.21037037037037037,1.2338144409159235,51.98731675331083,,,1.23643531483799,6,3,32
-0.12543833643751018,-0.11466404763901608,-0.06705473640132653,0.26715937428722003,-0.6413000216418804,-0.10456063330474545,0.22617283950617284,0.03252011569576395,42.87047187414889,,,1.2160455181444159,6,1,95
-0.15801241101497887,-0.14529423614603446,-0.08621428154700739,0.29497807888520505,-0.5079722261066391,-0.1697224318889014,0.25090645395213923,0.5474555874133066,44.70879629857049,,,1.4406925205671577,36,1,65
-0.2705507103094639,-0.22267314590318002,-0.09083430076853982,0.24243802142436915,-0.5414475192699728,-0.16776196683077035,0.2003665241295052,0.001585536136683699,69.35764614704681,,,1.1760577858029084,24,1,77
-0.298586511463998,-0.21868181068893264,-0.11309938071204295,0.27272592690882125,-0.7828895888189749,-0.1444640244641829,0.20316622691292877,-2.2680093395860266,64.72782564089133,,,1.7289584292591524,12,3,30
